Round,Attacker Roll,Defender Roll,Attacker Loses,Defender Loses,Total Attacker Loses,Total Defender Loses
1,"[5, 4, 4]","[5, 5]",2,0,2,0
2,"[4, 3, 3]","[5, 1]",1,1,3,1
3,"[6, 2, 1]","[3, 2]",1,1,4,2
4,"[6, 4, 1]","[5, 1]",0,2,4,4
5,"[6, 5, 1]","[6, 4]",1,1,5,5
6,"[5, 3, 2]","[4, 1]",0,2,5,7
7,"[5, 4, 4]","[6, 1]",1,1,6,8
8,"[5, 2, 1]","[6, 4]",2,0,8,8
9,"[6, 5, 3]","[5, 3]",0,2,8,10
10,"[6, 6, 5]","[5, 3]",0,2,8,12
11,"[6, 5, 3]","[6, 3]",1,1,9,13
12,"[4, 2, 1]","[3, 2]",1,1,10,14
13,"[6, 6, 1]","[2, 2]",0,2,10,16
14,"[6, 6, 5]","[5, 2]",0,2,10,18
15,"[5, 4, 2]","[4, 1]",0,2,10,20
16,"[6, 6, 4]","[5, 4]",0,2,10,22
17,"[6, 2, 1]","[6, 5]",2,0,12,22
18,"[5, 5, 3]","[2, 1]",0,2,12,24
19,"[4, 4, 3]","[6, 6]",2,0,14,24
20,"[5, 4, 4]","[6, 4]",2,0,16,24
21,"[6, 6, 5]","[6, 1]",1,1,17,25
22,"[3, 1, 1]","[6, 3]",2,0,19,25
23,"[4, 2, 1]","[5, 3]",2,0,21,25
24,"[6, 5, 4]","[4, 1]",0,2,21,27
25,"[5, 3, 1]","[6, 6]",2,0,23,27
26,"[5, 4, 4]","[6, 3]",1,1,24,28
27,"[6, 2, 1]","[4, 1]",0,2,24,30
28,"[6, 3, 1]","[3, 2]",0,2,24,32
29,"[6, 6, 3]","[6, 1]",1,1,25,33
30,"[5, 3, 2]","[6, 1]",1,1,26,34
31,"[5, 4, 2]","[3, 1]",0,2,26,36
32,"[4, 3, 2]","[6, 3]",2,0,28,36
33,"[6, 5, 5]","[6, 3]",1,1,29,37
34,"[5, 2, 1]","[4, 3]",1,1,30,38
35,"[4, 3, 2]","[6, 3]",2,0,32,38
36,"[6, 4, 1]","[4, 3]",0,2,32,40
37,"[4, 4, 3]","[4, 2]",1,1,33,41
38,"[4, 4, 2]","[4, 3]",1,1,34,42
39,"[6, 3, 1]","[6, 1]",1,1,35,43
40,"[5, 4, 3]","[6, 1]",1,1,36,44
41,"[6, 2, 1]","[6, 5]",2,0,38,44
42,"[5, 3, 2]","[6, 1]",1,1,39,45
43,"[6, 4, 2]","[3, 3]",0,2,39,47
44,"[6, 5, 5]","[6, 3]",1,1,40,48
45,"[6, 6, 2]","[6, 4]",1,1,41,49
46,"[6, 4, 4]","[3, 1]",0,2,41,51
47,"[6, 5, 1]","[6, 5]",2,0,43,51
48,"[2, 2, 2]","[5, 5]",2,0,45,51
49,"[5, 3, 1]","[4, 3]",1,1,46,52
50,"[6, 4, 4]","[5, 5]",1,1,47,53
51,"[6, 2, 2]","[5, 1]",0,2,47,55
52,"[6, 5, 4]","[5, 2]",0,2,47,57
53,"[6, 3, 2]","[1, 1]",0,2,47,59
54,"[3, 2, 1]","[2, 1]",0,2,47,61
55,"[5, 4, 2]","[5, 4]",2,0,49,61
56,"[6, 4, 2]","[4, 1]",0,2,49,63
57,"[6, 4, 4]","[5, 1]",0,2,49,65
58,"[5, 5, 4]","[6, 1]",1,1,50,66
59,"[6, 4, 3]","[5, 4]",1,1,51,67
60,"[6, 6, 3]","[5, 2]",0,2,51,69
61,"[2, 1, 1]","[6, 5]",2,0,53,69
62,"[5, 4, 1]","[6, 2]",1,1,54,70
63,"[3, 3, 1]","[4, 3]",2,0,56,70
64,"[6, 4, 3]","[5, 1]",0,2,56,72
65,"[4, 4, 2]","[5, 4]",2,0,58,72
66,"[6, 5, 1]","[6, 4]",1,1,59,73
67,"[6, 5, 4]","[5, 5]",1,1,60,74
68,"[5, 4, 1]","[5, 1]",1,1,61,75
69,"[5, 5, 3]","[5, 5]",2,0,63,75
70,"[5, 3, 1]","[4, 3]",1,1,64,76
71,"[3, 2, 1]","[5, 4]",2,0,66,76
72,"[6, 5, 5]","[5, 3]",0,2,66,78
73,"[2, 1, 1]","[5, 3]",2,0,68,78
74,"[2, 2, 2]","[6, 1]",1,1,69,79
75,"[5, 3, 2]","[5, 2]",1,1,70,80
76,"[3, 2, 2]","[6, 1]",1,1,71,81
77,"[5, 4, 1]","[2, 1]",0,2,71,83
78,"[5, 4, 1]","[6, 2]",1,1,72,84
79,"[5, 3, 1]","[5, 4]",2,0,74,84
80,"[4, 1, 1]","[5, 1]",2,0,76,84
81,"[6, 6, 6]","[4, 1]",0,2,76,86
82,"[4, 3, 1]","[6, 4]",2,0,78,86
83,"[6, 5, 1]","[3, 2]",0,2,78,88
84,"[4, 2, 1]","[6, 4]",2,0,80,88
85,"[3, 3, 1]","[3, 2]",1,1,81,89
86,"[6, 1, 1]","[4, 1]",1,1,82,90
87,"[5, 2, 1]","[4, 1]",0,2,82,92
88,"[5, 4, 1]","[3, 3]",0,2,82,94
89,"[6, 5, 1]","[5, 2]",0,2,82,96
90,"[6, 5, 4]","[6, 3]",1,1,83,97
91,"[3, 2, 2]","[6, 5]",2,0,85,97
92,"[6, 3, 2]","[5, 5]",1,1,86,98
93,"[6, 3, 2]","[5, 3]",1,1,87,99
94,"[4, 1, 1]","[2, 1]",1,1,88,100
95,"[6, 3, 3]","[4, 4]",1,1,89,101
96,"[3, 3, 2]","[5, 5]",2,0,91,101
97,"[4, 4, 3]","[2, 1]",0,2,91,103
98,"[5, 4, 4]","[6, 4]",2,0,93,103
99,"[6, 5, 2]","[6, 1]",1,1,94,104
100,"[6, 6, 5]","[4, 1]",0,2,94,106
101,"[6, 6, 4]","[4, 2]",0,2,94,108
102,"[4, 4, 1]","[3, 2]",0,2,94,110
103,"[5, 3, 3]","[5, 5]",2,0,96,110
104,"[5, 3, 3]","[4, 3]",1,1,97,111
105,"[1, 1, 1]","[4, 2]",2,0,99,111
106,"[6, 6, 1]","[5, 2]",0,2,99,113
107,"[6, 5, 2]","[4, 2]",0,2,99,115
108,"[6, 2, 1]","[5, 4]",1,1,100,116
109,"[6, 4, 1]","[1, 1]",0,2,100,118
110,"[4, 3, 2]","[6, 1]",1,1,101,119
111,"[3, 3, 1]","[5, 2]",1,1,102,120
112,"[5, 3, 2]","[4, 3]",1,1,103,121
113,"[4, 4, 4]","[2, 2]",0,2,103,123
114,"[6, 5, 2]","[1, 1]",0,2,103,125
115,"[6, 6, 2]","[5, 4]",0,2,103,127
116,"[6, 5, 3]","[2, 2]",0,2,103,129
117,"[5, 3, 1]","[6, 5]",2,0,105,129
118,"[6, 3, 2]","[5, 2]",0,2,105,131
119,"[3, 2, 1]","[6, 4]",2,0,107,131
120,"[4, 3, 2]","[4, 3]",2,0,109,131
121,"[6, 5, 4]","[5, 3]",0,2,109,133
122,"[6, 5, 3]","[4, 1]",0,2,109,135
123,"[6, 4, 1]","[4, 1]",0,2,109,137
124,"[3, 2, 1]","[5, 4]",2,0,111,137
125,"[6, 2, 1]","[5, 5]",1,1,112,138
126,"[4, 3, 1]","[3, 2]",0,2,112,140
127,"[6, 5, 1]","[5, 1]",0,2,112,142
128,"[6, 4, 4]","[6, 2]",1,1,113,143
129,"[3, 3, 1]","[6, 5]",2,0,115,143
130,"[3, 2, 1]","[5, 2]",2,0,117,143
131,"[5, 5, 4]","[2, 2]",0,2,117,145
132,"[3, 3, 2]","[3, 2]",1,1,118,146
133,"[3, 3, 1]","[4, 1]",1,1,119,147
134,"[6, 4, 4]","[3, 1]",0,2,119,149
135,"[6, 4, 1]","[4, 1]",0,2,119,151
136,"[6, 3, 1]","[6, 2]",1,1,120,152
137,"[6, 4, 1]","[6, 5]",2,0,122,152
138,"[6, 5, 3]","[6, 2]",1,1,123,153
139,"[4, 2, 1]","[6, 2]",2,0,125,153
140,"[5, 5, 4]","[4, 3]",0,2,125,155
141,"[5, 3, 1]","[2, 1]",0,2,125,157
142,"[6, 5, 1]","[6, 4]",1,1,126,158
143,"[6, 5, 2]","[5, 3]",0,2,126,160
144,"[6, 6, 1]","[2, 1]",0,2,126,162
145,"[6, 3, 2]","[2, 1]",0,2,126,164
146,"[5, 2, 2]","[3, 1]",0,2,126,166
147,"[6, 4, 1]","[4, 4]",1,1,127,167
148,"[4, 3, 2]","[3, 3]",1,1,128,168
149,"[4, 4, 2]","[3, 1]",0,2,128,170
150,"[6, 3, 1]","[6, 5]",2,0,130,170
151,"[3, 2, 2]","[3, 1]",1,1,131,171
152,"[5, 3, 1]","[5, 1]",1,1,132,172
153,"[5, 4, 4]","[4, 3]",0,2,132,174
154,"[6, 5, 4]","[5, 1]",0,2,132,176
155,"[3, 3, 1]","[4, 3]",2,0,134,176
156,"[6, 4, 1]","[1, 1]",0,2,134,178
157,"[6, 2, 2]","[3, 1]",0,2,134,180
158,"[3, 2, 1]","[6, 3]",2,0,136,180
159,"[5, 4, 2]","[2, 2]",0,2,136,182
160,"[4, 4, 3]","[3, 2]",0,2,136,184
161,"[4, 4, 3]","[5, 1]",1,1,137,185
162,"[5, 4, 3]","[6, 3]",1,1,138,186
163,"[5, 3, 1]","[1, 1]",0,2,138,188
164,"[5, 4, 4]","[6, 6]",2,0,140,188
165,"[5, 3, 2]","[3, 1]",0,2,140,190
166,"[5, 4, 3]","[4, 2]",0,2,140,192
167,"[4, 3, 3]","[4, 3]",2,0,142,192
168,"[4, 4, 3]","[4, 4]",2,0,144,192
169,"[5, 3, 1]","[5, 2]",1,1,145,193
170,"[4, 4, 2]","[4, 4]",2,0,147,193
171,"[5, 4, 4]","[6, 1]",1,1,148,194
172,"[5, 3, 1]","[3, 1]",0,2,148,196
173,"[3, 2, 1]","[3, 1]",1,1,149,197
174,"[6, 5, 4]","[3, 3]",0,2,149,199
175,"[3, 3, 3]","[3, 1]",1,1,150,200
176,"[5, 5, 3]","[6, 3]",1,1,151,201
177,"[3, 2, 1]","[5, 4]",2,0,153,201
178,"[6, 5, 1]","[1, 1]",0,2,153,203
179,"[4, 4, 1]","[6, 3]",1,1,154,204
180,"[3, 2, 2]","[6, 1]",1,1,155,205
181,"[3, 2, 1]","[5, 2]",2,0,157,205
182,"[6, 2, 1]","[5, 4]",1,1,158,206
183,"[4, 4, 2]","[5, 1]",1,1,159,207
184,"[6, 5, 3]","[2, 2]",0,2,159,209
185,"[5, 3, 1]","[6, 6]",2,0,161,209
186,"[5, 3, 2]","[6, 1]",1,1,162,210
187,"[3, 2, 2]","[6, 2]",2,0,164,210
188,"[6, 6, 5]","[5, 2]",0,2,164,212
189,"[6, 1, 1]","[4, 3]",1,1,165,213
190,"[6, 4, 2]","[2, 1]",0,2,165,215
191,"[5, 5, 5]","[5, 5]",2,0,167,215
192,"[5, 2, 1]","[1, 1]",0,2,167,217
193,"[3, 2, 1]","[6, 4]",2,0,169,217
194,"[3, 3, 2]","[6, 2]",1,1,170,218
195,"[6, 5, 2]","[4, 1]",0,2,170,220
196,"[4, 3, 3]","[5, 4]",2,0,172,220
197,"[5, 3, 1]","[4, 1]",0,2,172,222
198,"[6, 3, 2]","[2, 1]",0,2,172,224
199,"[6, 3, 1]","[5, 3]",1,1,173,225
200,"[4, 2, 1]","[4, 1]",1,1,174,226
201,"[4, 3, 1]","[6, 2]",1,1,175,227
202,"[5, 5, 2]","[4, 4]",0,2,175,229
203,"[6, 4, 3]","[6, 6]",2,0,177,229
204,"[5, 5, 4]","[6, 6]",2,0,179,229
205,"[3, 2, 2]","[4, 2]",2,0,181,229
206,"[4, 3, 2]","[5, 4]",2,0,183,229
207,"[3, 2, 1]","[2, 1]",0,2,183,231
208,"[5, 5, 3]","[6, 4]",1,1,184,232
209,"[5, 5, 3]","[6, 1]",1,1,185,233
210,"[6, 6, 4]","[5, 3]",0,2,185,235
211,"[4, 4, 2]","[5, 3]",1,1,186,236
212,"[6, 2, 2]","[6, 4]",2,0,188,236
213,"[4, 3, 1]","[2, 1]",0,2,188,238
214,"[6, 4, 1]","[5, 2]",0,2,188,240
215,"[6, 6, 4]","[5, 1]",0,2,188,242
216,"[4, 3, 1]","[2, 2]",0,2,188,244
217,"[3, 2, 2]","[6, 5]",2,0,190,244
218,"[6, 5, 3]","[2, 1]",0,2,190,246
219,"[5, 3, 3]","[5, 1]",1,1,191,247
220,"[6, 4, 1]","[4, 2]",0,2,191,249
221,"[6, 5, 3]","[6, 4]",1,1,192,250
222,"[4, 3, 1]","[4, 1]",1,1,193,251
223,"[5, 5, 2]","[5, 3]",1,1,194,252
224,"[5, 4, 2]","[4, 2]",0,2,194,254
225,"[6, 2, 1]","[5, 2]",1,1,195,255
226,"[6, 6, 2]","[4, 1]",0,2,195,257
227,"[6, 4, 3]","[6, 3]",1,1,196,258
228,"[6, 5, 4]","[2, 1]",0,2,196,260
229,"[6, 4, 3]","[4, 2]",0,2,196,262
230,"[6, 4, 1]","[5, 1]",0,2,196,264
231,"[6, 5, 1]","[6, 4]",1,1,197,265
232,"[5, 5, 4]","[6, 3]",1,1,198,266
233,"[4, 4, 4]","[6, 2]",1,1,199,267
234,"[4, 4, 1]","[1, 1]",0,2,199,269
235,"[2, 1, 1]","[3, 1]",2,0,201,269
236,"[4, 4, 1]","[6, 5]",2,0,203,269
237,"[5, 4, 2]","[5, 3]",1,1,204,270
238,"[6, 5, 5]","[5, 3]",0,2,204,272
239,"[4, 2, 1]","[5, 4]",2,0,206,272
240,"[5, 4, 3]","[6, 4]",2,0,208,272
241,"[3, 3, 1]","[5, 3]",2,0,210,272
242,"[6, 6, 1]","[5, 5]",0,2,210,274
243,"[4, 2, 2]","[3, 2]",1,1,211,275
244,"[6, 6, 5]","[6, 4]",1,1,212,276
245,"[3, 3, 3]","[5, 3]",2,0,214,276
246,"[5, 4, 2]","[2, 2]",0,2,214,278
247,"[5, 3, 2]","[5, 2]",1,1,215,279
248,"[5, 4, 4]","[5, 2]",1,1,216,280
249,"[6, 5, 3]","[4, 3]",0,2,216,282
250,"[3, 3, 1]","[5, 4]",2,0,218,282
251,"[4, 3, 2]","[4, 1]",1,1,219,283
252,"[5, 3, 3]","[6, 2]",1,1,220,284
253,"[6, 6, 4]","[3, 1]",0,2,220,286
254,"[6, 6, 6]","[3, 3]",0,2,220,288
255,"[6, 3, 1]","[6, 4]",2,0,222,288
256,"[6, 3, 1]","[2, 1]",0,2,222,290
257,"[6, 5, 1]","[6, 2]",1,1,223,291
258,"[6, 4, 3]","[6, 2]",1,1,224,292
259,"[5, 4, 1]","[5, 3]",1,1,225,293
260,"[5, 2, 1]","[3, 2]",1,1,226,294
261,"[5, 4, 2]","[6, 3]",1,1,227,295
262,"[6, 5, 2]","[6, 3]",1,1,228,296
263,"[4, 2, 1]","[6, 6]",2,0,230,296
264,"[5, 4, 4]","[6, 1]",1,1,231,297
265,"[4, 2, 1]","[4, 2]",2,0,233,297
266,"[5, 5, 3]","[3, 1]",0,2,233,299
267,"[4, 3, 1]","[2, 1]",0,2,233,301
268,"[4, 3, 2]","[1, 1]",0,2,233,303
269,"[6, 2, 2]","[5, 1]",0,2,233,305
270,"[6, 5, 3]","[6, 2]",1,1,234,306
271,"[6, 6, 4]","[6, 5]",1,1,235,307
272,"[6, 3, 2]","[2, 1]",0,2,235,309
273,"[6, 5, 5]","[4, 1]",0,2,235,311
274,"[5, 4, 2]","[6, 5]",2,0,237,311
275,"[6, 2, 1]","[6, 1]",1,1,238,312
276,"[6, 4, 3]","[3, 3]",0,2,238,314
277,"[6, 2, 1]","[6, 5]",2,0,240,314
278,"[6, 6, 5]","[6, 2]",1,1,241,315
279,"[6, 3, 2]","[2, 2]",0,2,241,317
280,"[5, 3, 2]","[6, 6]",2,0,243,317
281,"[6, 5, 5]","[6, 2]",1,1,244,318
282,"[5, 4, 3]","[3, 1]",0,2,244,320
283,"[6, 6, 4]","[6, 2]",1,1,245,321
284,"[4, 4, 2]","[5, 1]",1,1,246,322
285,"[4, 4, 3]","[4, 2]",1,1,247,323
286,"[3, 2, 1]","[3, 3]",2,0,249,323
287,"[6, 3, 2]","[6, 5]",2,0,251,323
288,"[6, 6, 2]","[2, 1]",0,2,251,325
289,"[6, 5, 2]","[6, 2]",1,1,252,326
290,"[6, 3, 2]","[6, 1]",1,1,253,327
291,"[5, 4, 2]","[2, 1]",0,2,253,329
292,"[4, 2, 1]","[6, 6]",2,0,255,329
293,"[5, 4, 4]","[6, 5]",2,0,257,329
294,"[4, 4, 2]","[3, 3]",0,2,257,331
295,"[4, 3, 3]","[1, 1]",0,2,257,333
296,"[5, 3, 1]","[3, 2]",0,2,257,335
297,"[6, 5, 3]","[5, 3]",0,2,257,337
298,"[3, 2, 1]","[5, 1]",1,1,258,338
299,"[5, 4, 1]","[2, 1]",0,2,258,340
300,"[4, 2, 1]","[3, 3]",1,1,259,341
301,"[4, 4, 4]","[5, 1]",1,1,260,342
302,"[6, 6, 3]","[3, 2]",0,2,260,344
303,"[5, 4, 1]","[4, 3]",0,2,260,346
304,"[4, 4, 2]","[2, 1]",0,2,260,348
305,"[6, 3, 2]","[6, 2]",1,1,261,349
306,"[4, 2, 2]","[5, 2]",2,0,263,349
307,"[5, 1, 1]","[6, 5]",2,0,265,349
308,"[6, 5, 4]","[6, 5]",2,0,267,349
309,"[5, 2, 2]","[3, 1]",0,2,267,351
310,"[5, 1, 1]","[2, 2]",1,1,268,352
311,"[4, 4, 1]","[6, 2]",1,1,269,353
312,"[6, 6, 4]","[3, 1]",0,2,269,355
313,"[4, 2, 1]","[3, 1]",0,2,269,357
314,"[5, 5, 4]","[5, 4]",1,1,270,358
315,"[6, 4, 1]","[5, 4]",1,1,271,359
316,"[5, 3, 3]","[6, 5]",2,0,273,359
317,"[5, 5, 1]","[3, 3]",0,2,273,361
318,"[6, 5, 3]","[6, 2]",1,1,274,362
319,"[6, 6, 1]","[4, 1]",0,2,274,364
320,"[6, 3, 2]","[3, 3]",1,1,275,365
321,"[6, 6, 1]","[6, 6]",2,0,277,365
322,"[6, 5, 1]","[5, 5]",1,1,278,366
323,"[6, 3, 1]","[4, 2]",0,2,278,368
324,"[6, 3, 1]","[4, 3]",1,1,279,369
325,"[6, 5, 4]","[3, 1]",0,2,279,371
326,"[6, 4, 3]","[4, 4]",1,1,280,372
327,"[6, 6, 2]","[6, 6]",2,0,282,372
328,"[5, 3, 2]","[4, 3]",1,1,283,373
329,"[4, 2, 2]","[3, 1]",0,2,283,375
330,"[6, 4, 3]","[1, 1]",0,2,283,377
331,"[6, 4, 2]","[6, 2]",1,1,284,378
332,"[6, 4, 1]","[4, 3]",0,2,284,380
333,"[4, 3, 2]","[6, 3]",2,0,286,380
334,"[5, 3, 2]","[5, 4]",2,0,288,380
335,"[5, 5, 1]","[6, 1]",1,1,289,381
336,"[5, 2, 1]","[4, 3]",1,1,290,382
337,"[6, 2, 2]","[4, 2]",1,1,291,383
338,"[4, 3, 3]","[6, 2]",1,1,292,384
339,"[6, 3, 1]","[5, 4]",1,1,293,385
340,"[5, 4, 3]","[5, 2]",1,1,294,386
341,"[5, 4, 3]","[5, 1]",1,1,295,387
342,"[5, 2, 1]","[4, 1]",0,2,295,389
343,"[6, 4, 1]","[4, 2]",0,2,295,391
344,"[2, 2, 1]","[6, 5]",2,0,297,391
345,"[3, 1, 1]","[6, 6]",2,0,299,391
346,"[4, 4, 1]","[5, 1]",1,1,300,392
347,"[6, 5, 5]","[5, 3]",0,2,300,394
348,"[4, 4, 3]","[6, 3]",1,1,301,395
349,"[5, 4, 3]","[6, 1]",1,1,302,396
350,"[2, 1, 1]","[5, 4]",2,0,304,396
351,"[5, 5, 2]","[3, 1]",0,2,304,398
352,"[6, 3, 1]","[5, 4]",1,1,305,399
353,"[5, 4, 1]","[6, 3]",1,1,306,400
354,"[3, 2, 1]","[6, 4]",2,0,308,400
355,"[4, 4, 3]","[5, 3]",1,1,309,401
356,"[6, 2, 2]","[3, 1]",0,2,309,403
357,"[6, 5, 4]","[6, 1]",1,1,310,404
358,"[5, 4, 2]","[6, 5]",2,0,312,404
359,"[5, 2, 1]","[3, 2]",1,1,313,405
360,"[6, 6, 1]","[5, 4]",0,2,313,407
361,"[4, 3, 3]","[6, 3]",2,0,315,407
362,"[4, 3, 2]","[5, 1]",1,1,316,408
363,"[5, 3, 2]","[3, 2]",0,2,316,410
364,"[6, 5, 2]","[6, 3]",1,1,317,411
365,"[6, 4, 2]","[4, 3]",0,2,317,413
366,"[6, 5, 2]","[5, 2]",0,2,317,415
367,"[5, 4, 1]","[3, 3]",0,2,317,417
368,"[5, 3, 1]","[6, 2]",1,1,318,418
369,"[6, 5, 2]","[6, 4]",1,1,319,419
370,"[6, 4, 2]","[5, 2]",0,2,319,421
371,"[5, 3, 3]","[6, 3]",2,0,321,421
372,"[5, 3, 1]","[6, 2]",1,1,322,422
373,"[6, 3, 1]","[5, 3]",1,1,323,423
374,"[5, 4, 3]","[3, 2]",0,2,323,425
375,"[6, 5, 1]","[4, 1]",0,2,323,427
376,"[6, 5, 4]","[2, 2]",0,2,323,429
377,"[5, 5, 1]","[4, 1]",0,2,323,431
378,"[4, 4, 3]","[5, 3]",1,1,324,432
379,"[6, 2, 2]","[4, 4]",1,1,325,433
380,"[6, 5, 2]","[6, 1]",1,1,326,434
381,"[5, 2, 1]","[4, 4]",1,1,327,435
382,"[6, 1, 1]","[3, 2]",1,1,328,436
383,"[6, 1, 1]","[6, 6]",2,0,330,436
384,"[5, 4, 1]","[6, 3]",1,1,331,437
385,"[5, 4, 4]","[4, 1]",0,2,331,439
386,"[5, 4, 1]","[3, 2]",0,2,331,441
387,"[5, 4, 4]","[1, 1]",0,2,331,443
388,"[6, 5, 2]","[4, 4]",0,2,331,445
389,"[6, 5, 3]","[5, 4]",0,2,331,447
390,"[6, 6, 2]","[5, 3]",0,2,331,449
391,"[5, 5, 3]","[4, 3]",0,2,331,451
392,"[5, 5, 3]","[6, 5]",2,0,333,451
393,"[5, 5, 5]","[5, 5]",2,0,335,451
394,"[4, 2, 2]","[6, 6]",2,0,337,451
395,"[6, 5, 1]","[3, 2]",0,2,337,453
396,"[4, 3, 2]","[2, 1]",0,2,337,455
397,"[6, 4, 1]","[4, 1]",0,2,337,457
398,"[5, 5, 3]","[5, 4]",1,1,338,458
399,"[6, 4, 3]","[5, 3]",0,2,338,460
400,"[6, 5, 2]","[5, 1]",0,2,338,462
401,"[5, 2, 1]","[3, 3]",1,1,339,463
402,"[5, 3, 2]","[2, 1]",0,2,339,465
403,"[6, 5, 3]","[6, 2]",1,1,340,466
404,"[6, 3, 1]","[5, 4]",1,1,341,467
405,"[6, 2, 1]","[6, 4]",2,0,343,467
406,"[5, 2, 1]","[4, 2]",1,1,344,468
407,"[5, 4, 3]","[6, 5]",2,0,346,468
408,"[6, 3, 2]","[6, 5]",2,0,348,468
409,"[3, 3, 1]","[6, 2]",1,1,349,469
410,"[6, 4, 1]","[6, 1]",1,1,350,470
411,"[6, 6, 4]","[1, 1]",0,2,350,472
412,"[3, 2, 2]","[4, 1]",1,1,351,473
413,"[4, 3, 2]","[4, 2]",1,1,352,474
414,"[6, 5, 4]","[3, 3]",0,2,352,476
415,"[3, 1, 1]","[3, 2]",2,0,354,476
416,"[5, 4, 3]","[3, 2]",0,2,354,478
417,"[6, 5, 3]","[4, 4]",0,2,354,480
418,"[5, 4, 2]","[5, 2]",1,1,355,481
419,"[6, 5, 1]","[5, 3]",0,2,355,483
420,"[6, 3, 2]","[2, 1]",0,2,355,485
421,"[4, 3, 1]","[5, 1]",1,1,356,486
422,"[6, 4, 1]","[5, 3]",0,2,356,488
423,"[4, 3, 2]","[6, 3]",2,0,358,488
424,"[6, 4, 2]","[5, 5]",1,1,359,489
425,"[6, 3, 3]","[6, 6]",2,0,361,489
426,"[3, 2, 1]","[6, 4]",2,0,363,489
427,"[3, 2, 1]","[1, 1]",0,2,363,491
428,"[5, 1, 1]","[6, 4]",2,0,365,491
429,"[5, 5, 2]","[1, 1]",0,2,365,493
430,"[6, 4, 3]","[5, 3]",0,2,365,495
431,"[5, 2, 1]","[6, 1]",1,1,366,496
432,"[6, 5, 3]","[2, 1]",0,2,366,498
433,"[6, 5, 1]","[4, 1]",0,2,366,500
434,"[6, 5, 3]","[5, 3]",0,2,366,502
435,"[4, 3, 1]","[4, 4]",2,0,368,502
436,"[6, 1, 1]","[6, 3]",2,0,370,502
437,"[5, 3, 1]","[6, 3]",2,0,372,502
438,"[5, 3, 2]","[6, 4]",2,0,374,502
439,"[6, 3, 2]","[6, 6]",2,0,376,502
440,"[6, 2, 2]","[4, 2]",1,1,377,503
441,"[3, 3, 3]","[5, 3]",2,0,379,503
442,"[5, 3, 3]","[6, 4]",2,0,381,503
443,"[5, 2, 2]","[4, 1]",0,2,381,505
444,"[6, 3, 1]","[2, 1]",0,2,381,507
445,"[6, 2, 1]","[4, 2]",1,1,382,508
446,"[6, 5, 2]","[6, 2]",1,1,383,509
447,"[4, 4, 4]","[5, 3]",1,1,384,510
448,"[4, 4, 1]","[3, 2]",0,2,384,512
449,"[6, 5, 1]","[3, 3]",0,2,384,514
450,"[6, 4, 1]","[6, 3]",1,1,385,515
451,"[4, 2, 1]","[3, 1]",0,2,385,517
452,"[4, 3, 3]","[5, 1]",1,1,386,518
453,"[2, 2, 1]","[5, 4]",2,0,388,518
454,"[6, 3, 1]","[6, 3]",2,0,390,518
455,"[4, 2, 2]","[3, 1]",0,2,390,520
456,"[4, 1, 1]","[3, 3]",1,1,391,521
457,"[2, 2, 1]","[2, 2]",2,0,393,521
458,"[3, 2, 2]","[5, 1]",1,1,394,522
459,"[6, 3, 2]","[6, 5]",2,0,396,522
460,"[5, 4, 1]","[4, 3]",0,2,396,524
461,"[5, 5, 3]","[6, 3]",1,1,397,525
462,"[6, 3, 2]","[3, 1]",0,2,397,527
463,"[5, 1, 1]","[5, 5]",2,0,399,527
464,"[6, 6, 1]","[6, 2]",1,1,400,528
465,"[6, 4, 3]","[2, 1]",0,2,400,530
466,"[5, 4, 3]","[3, 3]",0,2,400,532
467,"[2, 2, 1]","[6, 5]",2,0,402,532
468,"[5, 4, 2]","[3, 3]",0,2,402,534
469,"[6, 5, 2]","[2, 1]",0,2,402,536
470,"[5, 5, 2]","[4, 2]",0,2,402,538
471,"[6, 5, 4]","[4, 1]",0,2,402,540
472,"[6, 4, 3]","[3, 1]",0,2,402,542
473,"[4, 3, 1]","[5, 1]",1,1,403,543
474,"[6, 3, 3]","[3, 3]",1,1,404,544
475,"[5, 4, 3]","[6, 1]",1,1,405,545
476,"[6, 6, 1]","[5, 2]",0,2,405,547
477,"[6, 4, 4]","[6, 3]",1,1,406,548
478,"[6, 5, 3]","[5, 3]",0,2,406,550
479,"[5, 4, 3]","[4, 4]",1,1,407,551
480,"[4, 3, 2]","[6, 1]",1,1,408,552
481,"[2, 2, 1]","[5, 2]",2,0,410,552
482,"[5, 4, 1]","[3, 3]",0,2,410,554
483,"[4, 3, 1]","[4, 3]",2,0,412,554
484,"[6, 5, 3]","[5, 4]",0,2,412,556
485,"[6, 1, 1]","[2, 1]",1,1,413,557
486,"[6, 3, 2]","[6, 5]",2,0,415,557
487,"[4, 3, 2]","[4, 3]",2,0,417,557
488,"[6, 5, 2]","[5, 1]",0,2,417,559
489,"[5, 4, 2]","[6, 6]",2,0,419,559
490,"[4, 4, 3]","[5, 2]",1,1,420,560
491,"[2, 1, 1]","[5, 2]",2,0,422,560
492,"[3, 2, 2]","[4, 1]",1,1,423,561
493,"[3, 1, 1]","[5, 1]",2,0,425,561
494,"[6, 5, 5]","[3, 3]",0,2,425,563
495,"[4, 2, 2]","[3, 1]",0,2,425,565
496,"[1, 1, 1]","[2, 1]",2,0,427,565
497,"[5, 3, 3]","[2, 1]",0,2,427,567
498,"[6, 6, 5]","[5, 3]",0,2,427,569
499,"[4, 3, 3]","[5, 4]",2,0,429,569
500,"[1, 1, 1]","[4, 2]",2,0,431,569
501,"[5, 4, 1]","[3, 2]",0,2,431,571
502,"[5, 2, 1]","[4, 4]",1,1,432,572
503,"[5, 2, 2]","[6, 4]",2,0,434,572
504,"[5, 3, 2]","[5, 4]",2,0,436,572
505,"[4, 3, 3]","[6, 3]",2,0,438,572
506,"[6, 5, 2]","[6, 3]",1,1,439,573
507,"[5, 4, 2]","[1, 1]",0,2,439,575
508,"[6, 6, 1]","[6, 1]",1,1,440,576
509,"[6, 6, 3]","[3, 1]",0,2,440,578
510,"[6, 3, 1]","[1, 1]",0,2,440,580
511,"[5, 3, 3]","[5, 3]",2,0,442,580
512,"[4, 4, 2]","[5, 1]",1,1,443,581
513,"[6, 6, 1]","[5, 2]",0,2,443,583
514,"[6, 4, 2]","[6, 4]",2,0,445,583
515,"[3, 2, 2]","[3, 2]",2,0,447,583
516,"[5, 1, 1]","[6, 3]",2,0,449,583
517,"[5, 4, 2]","[3, 3]",0,2,449,585
518,"[5, 5, 3]","[5, 1]",1,1,450,586
519,"[6, 5, 2]","[4, 1]",0,2,450,588
520,"[6, 6, 2]","[6, 5]",1,1,451,589
521,"[5, 4, 2]","[6, 6]",2,0,453,589
522,"[6, 4, 2]","[4, 4]",1,1,454,590
523,"[5, 2, 1]","[6, 3]",2,0,456,590
524,"[6, 4, 4]","[2, 1]",0,2,456,592
525,"[5, 4, 2]","[5, 5]",2,0,458,592
526,"[5, 2, 1]","[6, 5]",2,0,460,592
527,"[5, 4, 2]","[6, 6]",2,0,462,592
528,"[3, 1, 1]","[2, 2]",1,1,463,593
529,"[5, 4, 3]","[4, 2]",0,2,463,595
530,"[6, 5, 1]","[2, 1]",0,2,463,597
531,"[6, 5, 3]","[6, 2]",1,1,464,598
532,"[5, 4, 3]","[4, 2]",0,2,464,600
533,"[4, 3, 3]","[4, 2]",1,1,465,601
534,"[6, 5, 1]","[3, 1]",0,2,465,603
535,"[6, 5, 3]","[6, 4]",1,1,466,604
536,"[5, 4, 4]","[6, 5]",2,0,468,604
537,"[4, 4, 3]","[6, 6]",2,0,470,604
538,"[6, 4, 3]","[5, 4]",1,1,471,605
539,"[5, 2, 2]","[5, 5]",2,0,473,605
540,"[5, 4, 2]","[4, 3]",0,2,473,607
541,"[3, 3, 1]","[5, 3]",2,0,475,607
542,"[6, 6, 1]","[3, 1]",0,2,475,609
543,"[6, 2, 1]","[5, 4]",1,1,476,610
544,"[5, 4, 3]","[6, 1]",1,1,477,611
545,"[5, 2, 1]","[3, 3]",1,1,478,612
546,"[3, 3, 2]","[5, 4]",2,0,480,612
547,"[6, 6, 4]","[6, 5]",1,1,481,613
548,"[6, 5, 2]","[3, 3]",0,2,481,615
549,"[4, 2, 1]","[5, 1]",1,1,482,616
550,"[6, 3, 2]","[6, 4]",2,0,484,616
551,"[6, 6, 1]","[2, 1]",0,2,484,618
552,"[6, 2, 1]","[3, 1]",0,2,484,620
553,"[5, 5, 2]","[5, 1]",1,1,485,621
554,"[3, 3, 1]","[3, 2]",1,1,486,622
555,"[6, 3, 2]","[5, 4]",1,1,487,623
556,"[6, 5, 4]","[2, 1]",0,2,487,625
557,"[6, 3, 2]","[4, 2]",0,2,487,627
558,"[5, 2, 1]","[5, 5]",2,0,489,627
559,"[5, 5, 1]","[6, 4]",1,1,490,628
560,"[4, 4, 1]","[4, 1]",1,1,491,629
561,"[6, 6, 3]","[5, 4]",0,2,491,631
562,"[4, 3, 3]","[6, 2]",1,1,492,632
563,"[5, 4, 3]","[3, 2]",0,2,492,634
564,"[5, 1, 1]","[4, 2]",1,1,493,635
565,"[6, 5, 3]","[6, 6]",2,0,495,635
566,"[3, 2, 2]","[5, 2]",2,0,497,635
567,"[6, 4, 1]","[5, 1]",0,2,497,637
568,"[2, 1, 1]","[4, 2]",2,0,499,637
569,"[3, 2, 1]","[6, 1]",1,1,500,638
570,"[5, 4, 3]","[6, 6]",2,0,502,638
571,"[6, 4, 1]","[6, 3]",1,1,503,639
572,"[4, 1, 1]","[2, 1]",1,1,504,640
573,"[6, 3, 2]","[5, 5]",1,1,505,641
574,"[5, 4, 2]","[6, 3]",1,1,506,642
575,"[3, 3, 3]","[3, 3]",2,0,508,642
576,"[6, 6, 1]","[5, 4]",0,2,508,644
577,"[3, 3, 1]","[6, 2]",1,1,509,645
578,"[6, 2, 2]","[4, 2]",1,1,510,646
579,"[5, 4, 2]","[6, 1]",1,1,511,647
580,"[4, 4, 2]","[6, 2]",1,1,512,648
581,"[6, 1, 1]","[5, 4]",1,1,513,649
582,"[5, 5, 2]","[5, 2]",1,1,514,650
583,"[6, 4, 1]","[5, 5]",1,1,515,651
584,"[6, 5, 2]","[6, 6]",2,0,517,651
585,"[6, 4, 3]","[6, 4]",2,0,519,651
586,"[4, 2, 1]","[2, 1]",0,2,519,653
587,"[4, 2, 1]","[6, 3]",2,0,521,653
588,"[6, 4, 3]","[6, 3]",1,1,522,654
589,"[6, 4, 1]","[5, 2]",0,2,522,656
590,"[6, 4, 1]","[5, 3]",0,2,522,658
591,"[5, 3, 2]","[1, 1]",0,2,522,660
592,"[5, 3, 2]","[4, 3]",1,1,523,661
593,"[3, 3, 2]","[6, 5]",2,0,525,661
594,"[6, 5, 4]","[3, 1]",0,2,525,663
595,"[2, 2, 1]","[5, 2]",2,0,527,663
596,"[6, 6, 5]","[3, 2]",0,2,527,665
597,"[5, 4, 1]","[6, 1]",1,1,528,666
598,"[2, 2, 1]","[6, 4]",2,0,530,666
599,"[6, 5, 3]","[1, 1]",0,2,530,668
600,"[6, 5, 3]","[6, 3]",1,1,531,669
601,"[6, 6, 3]","[6, 4]",1,1,532,670
602,"[5, 3, 3]","[6, 2]",1,1,533,671
603,"[4, 4, 1]","[6, 1]",1,1,534,672
604,"[6, 6, 3]","[4, 1]",0,2,534,674
605,"[5, 3, 1]","[3, 3]",1,1,535,675
606,"[4, 2, 2]","[4, 3]",2,0,537,675
607,"[6, 1, 1]","[3, 3]",1,1,538,676
608,"[6, 6, 5]","[4, 4]",0,2,538,678
609,"[3, 2, 2]","[5, 3]",2,0,540,678
610,"[2, 1, 1]","[6, 2]",2,0,542,678
611,"[6, 2, 1]","[2, 1]",0,2,542,680
612,"[3, 1, 1]","[4, 2]",2,0,544,680
613,"[6, 6, 5]","[3, 1]",0,2,544,682
614,"[6, 6, 1]","[5, 2]",0,2,544,684
615,"[1, 1, 1]","[2, 1]",2,0,546,684
616,"[6, 6, 5]","[5, 1]",0,2,546,686
617,"[6, 5, 1]","[6, 2]",1,1,547,687
618,"[3, 2, 2]","[4, 2]",2,0,549,687
619,"[6, 3, 1]","[6, 1]",1,1,550,688
620,"[6, 5, 5]","[3, 1]",0,2,550,690
621,"[5, 4, 3]","[3, 3]",0,2,550,692
622,"[4, 3, 2]","[5, 5]",2,0,552,692
623,"[5, 4, 2]","[2, 1]",0,2,552,694
624,"[4, 4, 1]","[5, 4]",2,0,554,694
625,"[6, 2, 1]","[2, 1]",0,2,554,696
626,"[5, 5, 2]","[6, 5]",2,0,556,696
627,"[5, 1, 1]","[6, 1]",2,0,558,696
628,"[6, 2, 1]","[5, 5]",1,1,559,697
629,"[6, 5, 1]","[6, 3]",1,1,560,698
630,"[4, 2, 1]","[3, 2]",1,1,561,699
631,"[5, 2, 1]","[3, 1]",0,2,561,701
632,"[5, 4, 2]","[6, 3]",1,1,562,702
633,"[5, 4, 4]","[3, 1]",0,2,562,704
634,"[4, 3, 3]","[3, 1]",0,2,562,706
635,"[5, 3, 1]","[3, 3]",1,1,563,707
636,"[3, 3, 1]","[6, 5]",2,0,565,707
637,"[6, 2, 2]","[5, 1]",0,2,565,709
638,"[6, 2, 1]","[4, 3]",1,1,566,710
639,"[5, 3, 2]","[5, 2]",1,1,567,711
640,"[5, 3, 3]","[6, 4]",2,0,569,711
641,"[5, 3, 3]","[4, 2]",0,2,569,713
642,"[5, 3, 2]","[4, 1]",0,2,569,715
643,"[1, 1, 1]","[4, 2]",2,0,571,715
644,"[6, 5, 2]","[4, 4]",0,2,571,717
645,"[6, 5, 3]","[5, 5]",1,1,572,718
646,"[6, 2, 1]","[3, 1]",0,2,572,720
647,"[5, 3, 3]","[3, 1]",0,2,572,722
648,"[6, 6, 4]","[5, 4]",0,2,572,724
649,"[6, 5, 2]","[6, 5]",2,0,574,724
650,"[6, 3, 1]","[6, 3]",2,0,576,724
651,"[3, 1, 1]","[5, 1]",2,0,578,724
652,"[6, 3, 3]","[6, 3]",2,0,580,724
653,"[6, 4, 2]","[3, 3]",0,2,580,726
654,"[4, 4, 3]","[6, 4]",2,0,582,726
655,"[5, 5, 3]","[5, 2]",1,1,583,727
656,"[3, 3, 1]","[6, 4]",2,0,585,727
657,"[5, 1, 1]","[4, 1]",1,1,586,728
658,"[6, 5, 3]","[4, 4]",0,2,586,730
659,"[2, 2, 2]","[4, 2]",2,0,588,730
660,"[3, 3, 2]","[6, 5]",2,0,590,730
661,"[6, 5, 1]","[6, 6]",2,0,592,730
662,"[5, 4, 1]","[4, 3]",0,2,592,732
663,"[5, 4, 3]","[5, 1]",1,1,593,733
664,"[5, 1, 1]","[6, 1]",2,0,595,733
665,"[4, 4, 1]","[5, 1]",1,1,596,734
666,"[2, 1, 1]","[6, 2]",2,0,598,734
667,"[3, 2, 1]","[3, 1]",1,1,599,735
668,"[4, 2, 2]","[3, 2]",1,1,600,736
669,"[4, 3, 2]","[4, 1]",1,1,601,737
670,"[6, 2, 1]","[5, 5]",1,1,602,738
671,"[6, 2, 1]","[6, 5]",2,0,604,738
672,"[5, 4, 3]","[6, 2]",1,1,605,739
673,"[6, 4, 1]","[6, 2]",1,1,606,740
674,"[3, 3, 1]","[3, 1]",1,1,607,741
675,"[3, 1, 1]","[5, 3]",2,0,609,741
676,"[6, 4, 2]","[3, 1]",0,2,609,743
677,"[4, 4, 1]","[4, 2]",1,1,610,744
678,"[5, 3, 1]","[5, 1]",1,1,611,745
679,"[6, 4, 2]","[6, 2]",1,1,612,746
680,"[5, 3, 3]","[4, 1]",0,2,612,748
681,"[6, 3, 2]","[4, 1]",0,2,612,750
682,"[2, 2, 1]","[6, 1]",1,1,613,751
683,"[6, 3, 2]","[6, 2]",1,1,614,752
684,"[5, 2, 1]","[6, 6]",2,0,616,752
685,"[6, 5, 1]","[5, 1]",0,2,616,754
686,"[6, 2, 1]","[5, 1]",0,2,616,756
687,"[5, 4, 1]","[6, 6]",2,0,618,756
688,"[6, 5, 3]","[6, 1]",1,1,619,757
689,"[5, 3, 2]","[4, 2]",0,2,619,759
690,"[6, 3, 3]","[3, 2]",0,2,619,761
691,"[6, 5, 2]","[4, 2]",0,2,619,763
692,"[6, 5, 2]","[5, 4]",0,2,619,765
693,"[5, 1, 1]","[3, 2]",1,1,620,766
694,"[5, 1, 1]","[5, 1]",2,0,622,766
695,"[6, 2, 1]","[5, 4]",1,1,623,767
696,"[4, 3, 2]","[4, 1]",1,1,624,768
697,"[5, 4, 3]","[3, 1]",0,2,624,770
698,"[3, 3, 1]","[4, 2]",1,1,625,771
699,"[6, 5, 4]","[6, 2]",1,1,626,772
700,"[6, 6, 2]","[5, 4]",0,2,626,774
701,"[3, 1, 1]","[4, 2]",2,0,628,774
702,"[2, 2, 1]","[5, 5]",2,0,630,774
703,"[4, 3, 2]","[5, 2]",1,1,631,775
704,"[4, 3, 2]","[6, 1]",1,1,632,776
705,"[6, 6, 5]","[5, 3]",0,2,632,778
706,"[6, 5, 2]","[6, 4]",1,1,633,779
707,"[4, 3, 3]","[3, 2]",0,2,633,781
708,"[6, 6, 1]","[6, 2]",1,1,634,782
709,"[4, 3, 1]","[6, 5]",2,0,636,782
710,"[5, 1, 1]","[5, 5]",2,0,638,782
711,"[6, 4, 3]","[6, 4]",2,0,640,782
712,"[4, 3, 3]","[6, 4]",2,0,642,782
713,"[6, 4, 3]","[4, 4]",1,1,643,783
714,"[6, 6, 4]","[5, 1]",0,2,643,785
715,"[6, 3, 2]","[5, 4]",1,1,644,786
716,"[6, 5, 4]","[5, 1]",0,2,644,788
717,"[6, 6, 6]","[6, 2]",1,1,645,789
718,"[5, 5, 3]","[2, 2]",0,2,645,791
719,"[6, 5, 1]","[6, 1]",1,1,646,792
720,"[4, 3, 2]","[6, 6]",2,0,648,792
721,"[6, 2, 1]","[5, 4]",1,1,649,793
722,"[5, 5, 4]","[4, 3]",0,2,649,795
723,"[3, 3, 3]","[5, 2]",1,1,650,796
724,"[6, 4, 3]","[6, 5]",2,0,652,796
725,"[4, 2, 2]","[5, 3]",2,0,654,796
726,"[6, 5, 5]","[5, 5]",1,1,655,797
727,"[4, 3, 2]","[6, 5]",2,0,657,797
728,"[5, 3, 1]","[1, 1]",0,2,657,799
729,"[6, 4, 3]","[6, 4]",2,0,659,799
730,"[6, 3, 2]","[5, 1]",0,2,659,801
731,"[6, 3, 2]","[2, 2]",0,2,659,803
732,"[6, 5, 5]","[4, 2]",0,2,659,805
733,"[4, 1, 1]","[5, 3]",2,0,661,805
734,"[4, 4, 2]","[5, 1]",1,1,662,806
735,"[4, 4, 1]","[3, 3]",0,2,662,808
736,"[5, 4, 3]","[4, 1]",0,2,662,810
737,"[6, 3, 3]","[5, 3]",1,1,663,811
738,"[5, 4, 3]","[6, 1]",1,1,664,812
739,"[6, 4, 2]","[6, 2]",1,1,665,813
740,"[5, 3, 3]","[2, 2]",0,2,665,815
741,"[4, 3, 1]","[6, 2]",1,1,666,816
742,"[6, 3, 1]","[6, 2]",1,1,667,817
743,"[3, 2, 1]","[6, 2]",2,0,669,817
744,"[6, 3, 1]","[6, 4]",2,0,671,817
745,"[3, 1, 1]","[4, 3]",2,0,673,817
746,"[6, 5, 4]","[4, 2]",0,2,673,819
747,"[4, 4, 2]","[5, 4]",2,0,675,819
748,"[4, 4, 2]","[3, 1]",0,2,675,821
749,"[6, 4, 4]","[6, 3]",1,1,676,822
750,"[5, 1, 1]","[2, 2]",1,1,677,823
751,"[5, 4, 1]","[6, 3]",1,1,678,824
752,"[6, 6, 3]","[3, 3]",0,2,678,826
753,"[4, 2, 2]","[5, 3]",2,0,680,826
754,"[5, 4, 2]","[5, 4]",2,0,682,826
755,"[5, 4, 1]","[5, 4]",2,0,684,826
756,"[5, 5, 4]","[6, 2]",1,1,685,827
757,"[4, 4, 4]","[2, 2]",0,2,685,829
758,"[5, 4, 3]","[6, 1]",1,1,686,830
759,"[5, 3, 3]","[4, 3]",1,1,687,831
760,"[6, 4, 2]","[6, 5]",2,0,689,831
761,"[6, 5, 5]","[4, 3]",0,2,689,833
762,"[3, 3, 1]","[6, 4]",2,0,691,833
763,"[5, 4, 2]","[6, 3]",1,1,692,834
764,"[6, 5, 2]","[3, 3]",0,2,692,836
765,"[5, 4, 1]","[4, 2]",0,2,692,838
766,"[6, 2, 1]","[6, 5]",2,0,694,838
767,"[6, 6, 3]","[1, 1]",0,2,694,840
768,"[4, 2, 1]","[5, 4]",2,0,696,840
769,"[6, 4, 3]","[6, 4]",2,0,698,840
770,"[5, 4, 1]","[6, 4]",2,0,700,840
771,"[3, 3, 3]","[6, 1]",1,1,701,841
772,"[4, 2, 1]","[5, 2]",2,0,703,841
773,"[3, 1, 1]","[3, 3]",2,0,705,841
774,"[5, 3, 2]","[3, 1]",0,2,705,843
775,"[6, 6, 4]","[5, 3]",0,2,705,845
776,"[2, 2, 1]","[5, 4]",2,0,707,845
777,"[4, 3, 3]","[6, 2]",1,1,708,846
778,"[6, 5, 4]","[5, 1]",0,2,708,848
779,"[4, 3, 2]","[3, 1]",0,2,708,850
780,"[6, 3, 1]","[6, 4]",2,0,710,850
781,"[4, 4, 1]","[3, 2]",0,2,710,852
782,"[6, 4, 3]","[6, 1]",1,1,711,853
783,"[6, 5, 2]","[6, 3]",1,1,712,854
784,"[4, 1, 1]","[5, 4]",2,0,714,854
785,"[6, 4, 4]","[2, 2]",0,2,714,856
786,"[5, 3, 2]","[6, 4]",2,0,716,856
787,"[6, 6, 1]","[5, 4]",0,2,716,858
788,"[5, 4, 3]","[4, 3]",0,2,716,860
789,"[5, 4, 3]","[6, 1]",1,1,717,861
790,"[5, 4, 1]","[6, 4]",2,0,719,861
791,"[3, 3, 1]","[3, 2]",1,1,720,862
792,"[3, 3, 3]","[6, 1]",1,1,721,863
793,"[5, 4, 3]","[3, 3]",0,2,721,865
794,"[4, 4, 2]","[2, 1]",0,2,721,867
795,"[2, 1, 1]","[5, 4]",2,0,723,867
796,"[6, 5, 2]","[3, 1]",0,2,723,869
797,"[5, 2, 1]","[4, 1]",0,2,723,871
798,"[6, 3, 1]","[6, 5]",2,0,725,871
799,"[4, 4, 1]","[5, 1]",1,1,726,872
800,"[5, 5, 1]","[3, 1]",0,2,726,874
801,"[5, 5, 1]","[5, 5]",2,0,728,874
802,"[6, 5, 1]","[6, 4]",1,1,729,875
803,"[4, 4, 3]","[5, 4]",2,0,731,875
804,"[6, 3, 3]","[3, 2]",0,2,731,877
805,"[6, 3, 1]","[6, 5]",2,0,733,877
806,"[6, 5, 1]","[4, 3]",0,2,733,879
807,"[6, 5, 4]","[4, 1]",0,2,733,881
808,"[6, 4, 2]","[2, 1]",0,2,733,883
809,"[5, 4, 2]","[5, 5]",2,0,735,883
810,"[3, 1, 1]","[6, 1]",2,0,737,883
811,"[6, 6, 6]","[5, 2]",0,2,737,885
812,"[5, 4, 1]","[2, 1]",0,2,737,887
813,"[6, 4, 3]","[4, 2]",0,2,737,889
814,"[5, 4, 3]","[4, 2]",0,2,737,891
815,"[6, 5, 4]","[1, 1]",0,2,737,893
816,"[6, 5, 4]","[4, 2]",0,2,737,895
817,"[5, 5, 3]","[2, 1]",0,2,737,897
818,"[6, 4, 2]","[3, 3]",0,2,737,899
819,"[6, 4, 4]","[1, 1]",0,2,737,901
820,"[6, 4, 2]","[6, 4]",2,0,739,901
821,"[6, 6, 2]","[5, 5]",0,2,739,903
822,"[2, 2, 1]","[6, 5]",2,0,741,903
823,"[6, 3, 1]","[3, 1]",0,2,741,905
824,"[5, 5, 1]","[6, 3]",1,1,742,906
825,"[5, 3, 2]","[4, 4]",1,1,743,907
826,"[1, 1, 1]","[6, 4]",2,0,745,907
827,"[5, 4, 2]","[6, 5]",2,0,747,907
828,"[5, 2, 1]","[3, 1]",0,2,747,909
829,"[6, 4, 1]","[5, 4]",1,1,748,910
830,"[5, 4, 3]","[6, 4]",2,0,750,910
831,"[5, 4, 2]","[5, 1]",1,1,751,911
832,"[5, 4, 3]","[6, 1]",1,1,752,912
833,"[6, 4, 3]","[2, 1]",0,2,752,914
834,"[6, 1, 1]","[5, 4]",1,1,753,915
835,"[4, 3, 1]","[3, 2]",0,2,753,917
836,"[5, 4, 1]","[5, 4]",2,0,755,917
837,"[5, 2, 1]","[6, 1]",1,1,756,918
838,"[5, 4, 1]","[2, 1]",0,2,756,920
839,"[4, 3, 1]","[6, 1]",1,1,757,921
840,"[5, 4, 3]","[5, 2]",1,1,758,922
841,"[3, 2, 2]","[2, 1]",0,2,758,924
842,"[5, 3, 1]","[2, 2]",0,2,758,926
843,"[6, 3, 2]","[4, 2]",0,2,758,928
844,"[6, 5, 3]","[5, 4]",0,2,758,930
845,"[6, 5, 4]","[6, 5]",2,0,760,930
846,"[4, 2, 1]","[4, 2]",2,0,762,930
847,"[6, 4, 2]","[2, 1]",0,2,762,932
848,"[5, 3, 2]","[6, 2]",1,1,763,933
849,"[4, 3, 2]","[5, 5]",2,0,765,933
850,"[6, 4, 1]","[2, 2]",0,2,765,935
851,"[5, 4, 3]","[6, 1]",1,1,766,936
852,"[4, 4, 2]","[2, 1]",0,2,766,938
853,"[5, 4, 2]","[4, 4]",1,1,767,939
854,"[6, 3, 2]","[5, 1]",0,2,767,941
855,"[5, 5, 2]","[3, 1]",0,2,767,943
856,"[4, 4, 2]","[2, 2]",0,2,767,945
857,"[6, 3, 1]","[5, 4]",1,1,768,946
858,"[6, 5, 1]","[3, 2]",0,2,768,948
859,"[4, 3, 2]","[5, 4]",2,0,770,948
860,"[4, 4, 1]","[6, 3]",1,1,771,949
861,"[6, 6, 4]","[4, 4]",0,2,771,951
862,"[5, 4, 4]","[4, 3]",0,2,771,953
863,"[5, 3, 2]","[1, 1]",0,2,771,955
864,"[2, 1, 1]","[3, 1]",2,0,773,955
865,"[5, 3, 2]","[4, 2]",0,2,773,957
866,"[5, 2, 1]","[6, 4]",2,0,775,957
867,"[4, 3, 1]","[4, 1]",1,1,776,958
868,"[6, 3, 2]","[2, 2]",0,2,776,960
869,"[2, 2, 1]","[5, 2]",2,0,778,960
870,"[3, 1, 1]","[6, 1]",2,0,780,960
871,"[6, 6, 3]","[3, 1]",0,2,780,962
872,"[5, 1, 1]","[5, 3]",2,0,782,962
873,"[4, 2, 2]","[5, 2]",2,0,784,962
874,"[6, 6, 4]","[6, 1]",1,1,785,963
875,"[5, 4, 3]","[6, 3]",1,1,786,964
876,"[5, 3, 3]","[4, 2]",0,2,786,966
877,"[6, 6, 4]","[3, 2]",0,2,786,968
878,"[6, 6, 3]","[3, 1]",0,2,786,970
879,"[6, 6, 6]","[5, 5]",0,2,786,972
880,"[4, 4, 2]","[2, 1]",0,2,786,974
881,"[5, 4, 4]","[3, 3]",0,2,786,976
882,"[6, 3, 2]","[2, 1]",0,2,786,978
883,"[6, 4, 3]","[2, 1]",0,2,786,980
884,"[3, 3, 1]","[5, 1]",1,1,787,981
885,"[6, 4, 4]","[5, 4]",1,1,788,982
886,"[4, 3, 3]","[5, 2]",1,1,789,983
887,"[6, 3, 2]","[5, 4]",1,1,790,984
888,"[6, 6, 2]","[2, 1]",0,2,790,986
889,"[6, 2, 1]","[4, 3]",1,1,791,987
890,"[6, 3, 2]","[5, 4]",1,1,792,988
891,"[6, 4, 3]","[1, 1]",0,2,792,990
892,"[4, 4, 2]","[6, 5]",2,0,794,990
893,"[6, 5, 5]","[3, 2]",0,2,794,992
894,"[5, 4, 1]","[5, 3]",1,1,795,993
895,"[6, 6, 4]","[3, 1]",0,2,795,995
896,"[4, 3, 2]","[4, 3]",2,0,797,995
897,"[3, 2, 2]","[2, 1]",0,2,797,997
898,"[6, 5, 1]","[3, 2]",0,2,797,999
899,"[5, 5, 1]","[6, 3]",1,1,798,1000
900,"[6, 2, 1]","[6, 2]",2,0,800,1000
901,"[2, 2, 2]","[6, 3]",2,0,802,1000
902,"[3, 3, 1]","[6, 3]",2,0,804,1000
903,"[6, 2, 1]","[2, 2]",1,1,805,1001
904,"[5, 2, 1]","[6, 4]",2,0,807,1001
905,"[4, 2, 2]","[6, 5]",2,0,809,1001
906,"[3, 1, 1]","[3, 2]",2,0,811,1001
907,"[6, 4, 1]","[2, 2]",0,2,811,1003
908,"[4, 4, 2]","[4, 2]",1,1,812,1004
909,"[5, 3, 1]","[6, 1]",1,1,813,1005
910,"[4, 3, 2]","[4, 1]",1,1,814,1006
911,"[6, 5, 3]","[5, 3]",0,2,814,1008
912,"[5, 1, 1]","[5, 1]",2,0,816,1008
913,"[4, 3, 3]","[3, 3]",1,1,817,1009
914,"[6, 2, 1]","[4, 4]",1,1,818,1010
915,"[4, 3, 2]","[3, 2]",0,2,818,1012
916,"[6, 4, 3]","[4, 3]",0,2,818,1014
917,"[4, 4, 3]","[2, 2]",0,2,818,1016
918,"[3, 2, 2]","[1, 1]",0,2,818,1018
919,"[6, 4, 3]","[5, 4]",1,1,819,1019
920,"[6, 4, 2]","[2, 1]",0,2,819,1021
921,"[5, 3, 3]","[6, 3]",2,0,821,1021
922,"[5, 4, 2]","[5, 2]",1,1,822,1022
923,"[6, 5, 2]","[2, 1]",0,2,822,1024
924,"[2, 2, 1]","[4, 1]",1,1,823,1025
925,"[4, 2, 2]","[4, 3]",2,0,825,1025
926,"[5, 5, 1]","[5, 2]",1,1,826,1026
927,"[5, 2, 1]","[5, 3]",2,0,828,1026
928,"[4, 2, 1]","[5, 1]",1,1,829,1027
929,"[5, 5, 4]","[5, 2]",1,1,830,1028
930,"[4, 1, 1]","[5, 4]",2,0,832,1028
931,"[6, 3, 1]","[5, 3]",1,1,833,1029
932,"[5, 5, 2]","[1, 1]",0,2,833,1031
933,"[5, 1, 1]","[4, 2]",1,1,834,1032
934,"[6, 4, 2]","[6, 4]",2,0,836,1032
935,"[6, 6, 4]","[5, 1]",0,2,836,1034
936,"[5, 5, 4]","[3, 1]",0,2,836,1036
937,"[5, 5, 2]","[6, 4]",1,1,837,1037
938,"[5, 3, 1]","[6, 5]",2,0,839,1037
939,"[6, 6, 3]","[6, 4]",1,1,840,1038
940,"[5, 4, 2]","[4, 1]",0,2,840,1040
941,"[5, 3, 2]","[5, 5]",2,0,842,1040
942,"[5, 5, 1]","[4, 4]",0,2,842,1042
943,"[5, 2, 2]","[5, 1]",1,1,843,1043
944,"[5, 3, 2]","[3, 1]",0,2,843,1045
945,"[6, 4, 2]","[4, 1]",0,2,843,1047
946,"[4, 1, 1]","[6, 3]",2,0,845,1047
947,"[6, 4, 2]","[6, 1]",1,1,846,1048
948,"[6, 5, 4]","[5, 4]",0,2,846,1050
949,"[4, 4, 4]","[1, 1]",0,2,846,1052
950,"[2, 2, 2]","[5, 1]",1,1,847,1053
951,"[5, 3, 1]","[3, 2]",0,2,847,1055
952,"[4, 1, 1]","[3, 2]",1,1,848,1056
953,"[3, 3, 1]","[5, 1]",1,1,849,1057
954,"[3, 3, 1]","[5, 1]",1,1,850,1058
955,"[3, 1, 1]","[4, 1]",2,0,852,1058
956,"[6, 2, 1]","[6, 3]",2,0,854,1058
957,"[3, 1, 1]","[5, 1]",2,0,856,1058
958,"[6, 3, 3]","[3, 2]",0,2,856,1060
959,"[5, 4, 1]","[4, 2]",0,2,856,1062
960,"[4, 2, 1]","[6, 3]",2,0,858,1062
961,"[5, 3, 2]","[4, 2]",0,2,858,1064
962,"[5, 5, 2]","[3, 2]",0,2,858,1066
963,"[4, 3, 2]","[6, 4]",2,0,860,1066
964,"[5, 3, 3]","[4, 1]",0,2,860,1068
965,"[5, 4, 2]","[2, 1]",0,2,860,1070
966,"[6, 3, 2]","[2, 2]",0,2,860,1072
967,"[3, 1, 1]","[6, 5]",2,0,862,1072
968,"[6, 5, 2]","[5, 2]",0,2,862,1074
969,"[3, 3, 1]","[5, 5]",2,0,864,1074
970,"[6, 4, 4]","[6, 3]",1,1,865,1075
971,"[4, 3, 3]","[6, 3]",2,0,867,1075
972,"[6, 3, 3]","[2, 1]",0,2,867,1077
973,"[5, 5, 3]","[5, 1]",1,1,868,1078
974,"[6, 5, 1]","[4, 2]",0,2,868,1080
975,"[5, 4, 2]","[6, 1]",1,1,869,1081
976,"[6, 5, 4]","[4, 1]",0,2,869,1083
977,"[5, 3, 1]","[3, 1]",0,2,869,1085
978,"[5, 2, 2]","[1, 1]",0,2,869,1087
979,"[6, 3, 1]","[5, 2]",0,2,869,1089
980,"[6, 3, 1]","[2, 2]",0,2,869,1091
981,"[5, 2, 1]","[6, 3]",2,0,871,1091
982,"[6, 6, 5]","[5, 4]",0,2,871,1093
983,"[5, 4, 1]","[6, 4]",2,0,873,1093
984,"[6, 3, 2]","[5, 1]",0,2,873,1095
985,"[6, 3, 2]","[6, 5]",2,0,875,1095
986,"[3, 1, 1]","[1, 1]",1,1,876,1096
987,"[6, 5, 4]","[3, 1]",0,2,876,1098
988,"[5, 5, 1]","[5, 1]",1,1,877,1099
989,"[5, 2, 1]","[6, 2]",2,0,879,1099
990,"[5, 4, 4]","[3, 2]",0,2,879,1101
991,"[3, 1, 1]","[6, 6]",2,0,881,1101
992,"[5, 4, 4]","[4, 4]",1,1,882,1102
993,"[4, 2, 1]","[5, 2]",2,0,884,1102
994,"[5, 4, 1]","[6, 6]",2,0,886,1102
995,"[4, 3, 2]","[3, 2]",0,2,886,1104
996,"[4, 4, 2]","[6, 3]",1,1,887,1105
997,"[4, 2, 1]","[2, 1]",0,2,887,1107
998,"[3, 2, 1]","[6, 6]",2,0,889,1107
999,"[6, 6, 4]","[6, 5]",1,1,890,1108
1000,"[6, 5, 4]","[5, 5]",1,1,891,1109
